"project_id","project_name","create_time"
"project1_111","project1","10:40AM 6/12/2019"
"project121560371936","project12","2019-06-12 13:41:38"
"new project1560372516","new project","2019-06-12 13:48:38"
"new project21560372574","new project2","2019-06-12 13:49:36"
"project test11560373467","project test1","2019-06-12 14:04:28"
"projeda1560373532","projeda","2019-06-12 14:05:33"
"test1560443747","test","2019-06-13 09:35:48"
"test221560443757","test22","2019-06-13 09:35:58"
"teswt2221560443787","teswt222","2019-06-13 09:36:28"
"test2221560443812","test222","2019-06-13 09:36:54"
"testtest1560444233","testtest","2019-06-13 09:43:55"
"a1560462345","a","2019-06-13 14:45:47"
"aaa1560462496","aaa","2019-06-13 14:48:18"
"bbb1560533346","bbb","2019-06-14 10:29:08"
"ccc1560533589","ccc","2019-06-14 10:33:10"
"ddd1560533675","ddd","2019-06-14 10:34:36"
"fff1560533943","fff","2019-06-14 10:39:05"
"ggg1560534083","ggg","2019-06-14 10:41:24"
"hhh1560534234","hhh","2019-06-14 10:43:55"
"iii1560534271","iii","2019-06-14 10:44:33"
"jjj1560534431","jjj","2019-06-14 10:47:14"
"jjj1560534474","jjj","2019-06-14 10:47:56"
"jjj1560534513","jjj","2019-06-14 10:48:34"
"jjj1560534559","jjj","2019-06-14 10:49:20"
"kkk1560534592","kkk","2019-06-14 10:49:54"
"lll1560534831","lll","2019-06-14 10:53:54"
"mmm1560534918","mmm","2019-06-14 10:55:20"
"nnn1560534952","nnn","2019-06-14 10:55:54"
"nnn1560534955","nnn","2019-06-14 10:55:56"
"ooo1560534990","ooo","2019-06-14 10:56:32"
"ooo1560535557","ooo","2019-06-14 11:06:00"
"ppp1560535687","ppp","2019-06-14 11:08:08"
"qqq1560535755","qqq","2019-06-14 11:09:17"
"rrr1560535945","rrr","2019-06-14 11:12:27"
"sss1560536602","sss","2019-06-14 11:23:24"
"ttt1560536819","ttt","2019-06-14 11:27:00"
"uuu1560536895","uuu","2019-06-14 11:28:17"
"vvv1560536979","vvv","2019-06-14 11:29:41"
"www1560537039","www","2019-06-14 11:30:40"
"xxx1560537146","xxx","2019-06-14 11:32:27"
"yyy1560537306","yyy","2019-06-14 11:35:08"
"zzz1560537365","zzz","2019-06-14 11:36:07"
"abc1560537433","abc","2019-06-14 11:37:15"
"abc1560537482","abc","2019-06-14 11:38:03"
"abc1560537539","abc","2019-06-14 11:39:00"
